"id","nombre","telefonos"
1,"Luis Gómez","5566870734 / 5510199134"
2,"Luis Gómez","5565179582 / 5526237666"
3,"Luis Gómez","5575658639 / 5570842690"
4,"Luis Gómez","5564979157 / 5559612127"
5,"Luis Gómez","5532801096 / 5571630244"
6,"Luis Gómez","5539313851 / 5546454676"
7,"Jose","5593960302 / 5564361477"
8,"Pedro","5594440234 / 5587339126"
9,"Ana","5593451826 / 5578344170"
10,"Elena","5556238737 / 5551876171"
11,"Ana","5511727668 / 5511898271"
12,"Carlos","5577541767 / 5578330322"
13,"Luis","5597465537 / 5543863002"
14,"Maria","5527892101 / 5530132320"
15,"Elena","5570797817 / 5552249442"
16,"Luis","5598467134 / 5565950779"
17,"Ana","5572032847 / 5575695842"
18,"Pedro","5525102961 / 5588515245"
19,"Isabel","5597265838 / 5531754794"
20,"Juan","5570213707 / 5552419218"
21,"Ana","5570857184 / 5595440282"
22,"Isabel","5567604715 / 5525795369"
23,"Ana","5556596043 / 5559654052"
24,"Isabel","5595167364 / 5562852020"
25,"Ana","5566326485 / 5549144926"
26,"Jose","5573420188 / 5585321524"
27,"Carlos","5537268777 / 5582909746"
28,"Pedro","5562101797 / 5516143880"
29,"Carlos","5557275066 / 5579019665"
30,"Carlos","5512963726 / 5555831363"
31,"Ana","5566011479 / 5568010915"
32,"Luis","5545406997 / 5553773390"
33,"Luis","5512805896 / 5579718086"
34,"Sofia","5567373928 / 5535956249"
35,"Ana","5579174355 / 5564755154"
36,"Carlos","5575200366 / 5547656067"
37,"Juan","5558157844 / 5570882115"
38,"Isabel","5538403318 / 5556378463"
39,"Luis","5551549679 / 5570546282"
40,"Sofia","5569344703 / 5543357349"
41,"Elena","5557087283 / 5560138286"
42,"Pedro","5525958056 / 5554547711"
43,"Isabel","5561772641 / 5543799241"
44,"Carlos","5517862410 / 5594975776"
45,"Jose","5588638569 / 5588862784"
46,"Elena","5510632242 / 5534135502"
47,"Jose","5562107258 / 5547499986"
48,"Jose","5515351407 / 5575694913"
49,"Sofia","5569038936 / 5540981429"
50,"Juan","5566480765 / 5555159221"
51,"Pedro","5510557686 / 5559610679"
52,"Luis","5561432101 / 5583523953"
53,"Sofia","5554606921 / 5576077534"
54,"Carlos","5547218551 / 5567462541"
55,"Juan","5522032867 / 5534363938"
56,"Maria","5561165833 / 5526323239"
57,"Elena","5598258690 / 5570399932"
58,"Carlos","5535673181 / 5562916776"
59,"Elena","5551535502 / 5511609407"
60,"Jose","5542757566 / 5537312914"
61,"Maria","5517532880 / 5522928175"
62,"Ana","5595002255 / 5516552788"
63,"Luis","5513872964 / 5582332973"
64,"Sofia","5559244036 / 5536084103"
65,"Isabel","5534296365 / 5513501511"
66,"Luis","5515499398 / 5587977537"
67,"Ana","5529617963 / 5557551688"
68,"Pedro","5545715199 / 5569404611"
69,"Sofia","5575545690 / 5557425017"
70,"Pedro","5536319344 / 5529567102"
71,"Maria","5576381302 / 5531190487"
72,"Maria","5519859767 / 5561018269"
73,"Jose","5532703107 / 5585378768"
74,"Pedro","5575702076 / 5525433103"
75,"Jose","5554416285 / 5544111496"
76,"Jose","5552573258 / 5547506937"
77,"Juan","5524379940 / 5593585272"
78,"Jose","5525690389 / 5514024583"
79,"Elena","5572539076 / 5518416989"
80,"Sofia","5595061220 / 5544632667"
81,"Elena","5589256499 / 5512914618"
82,"Isabel","5510466195 / 5573423420"
83,"Sofia","5593694181 / 5529095306"
84,"Sofia","5524015457 / 5575611713"
85,"Juan","5562800739 / 5520893914"
86,"Sofia","5561079303 / 5584565370"
87,"Pedro","5589430946 / 5524750678"
88,"Maria","5532004046 / 5585355901"
89,"Pedro","5538199469 / 5590792110"
90,"Juan","5553259210 / 5540716466"
91,"Ana","5516954591 / 5510694483"
92,"Juan","5593230379 / 5520715790"
93,"Elena","5574656638 / 5595558799"
94,"Juan","5557480216 / 5532035462"
95,"Isabel","5586908263 / 5599035619"
96,"Ana","5546541758 / 5549125867"
97,"Luis","5539767137 / 5533133145"
98,"Ana","5532941339 / 5560118558"
99,"Juan","5594537584 / 5598190718"
100,"Jose","5534758082 / 5521653627"
